{
  "chart": {
    "title": "Daily new confirmed COVID-19 deaths per million people",
    "subtitle": "7-day rolling average. Due to varying protocols and challenges in the attribution of the cause of death, the number of confirmed deaths may not accurately represent the true number of deaths caused by COVID-19.",
    "citation": "World Health Organization (2026); Population based on various sources (2024)",
    "originalChartUrl": "https://ourworldindata.org/explorers/covid?pickerSort=asc&pickerMetric=location&hideControls=false&Metric=Confirmed+deaths&Interval=7-day+rolling+average&Relative+to+population=true&country=USA~BRA~JPN~DEU",
    "selection": [
      "United States",
      "Brazil",
      "Japan",
      "Germany"
    ]
  },
  "columns": {
    "Daily new confirmed deaths due to COVID-19 per million people (rolling 7-day average, right-aligned)": {
      "titleShort": "New deaths (per 1M)",
      "titleLong": "New deaths (per 1M)",
      "descriptionKey": [
        "Population is the most commonly used metric throughout Our World in Data. It is used directly to understand population growth over time, and indirectly to calculate per-capita indicators, making it easier to compare countries of different sizes.",
        "We construct this indicator by combining multiple sources covering different periods.\n  - HYDE v3.3 (2023): historical estimates from 10,000 BCE to 1799.\n  - Gapminder v7 (2022): for 1800-1949.\n  - UN World Population Prospects (2024): for 1950 onwards, including 2100 projections.\n  - Gapminder Systema Globalis (2023): additional source for former countries (Yugoslavia, USSR, etc.)",
        "Breaks in the data may occur at the boundaries between sources due to their methodological differences.",
        "You can read more about the sources and methodology in our [dedicated article](https://ourworldindata.org/population-sources). We also provide a table of sources showing the source we use for each country-year.",
        "We calculate geographical aggregates (continents, income groups, etc.) by summing individual country populations. For years before 1800, we rely directly on HYDE's values for continents to ensure historical consistency."
      ],
      "descriptionProcessing": "This indicator is estimated by normalizing by population. We have used daily population estimates, which leads to changes in the denominator between datapoints from different days. For instance, the denominator for January 1st will be different to the one on January 2nd.",
      "unit": "deaths per million people",
      "timespan": "",
      "type": "Numeric",
      "owidVariableId": 954551,
      "shortName": "new_deaths_per_million_7_day_avg_right",
      "lastUpdated": "2026-01-04",
      "nextUpdate": "2026-02-04",
      "citationShort": "World Health Organization (2026); Population based on various sources (2024) – with major processing by Our World in Data",
      "citationLong": "World Health Organization (2026); Population based on various sources (2024) – with major processing by Our World in Data. “New deaths (per 1M)” [dataset]. World Health Organization, “COVID-19 Dashboard WHO COVID-19 Dashboard - Daily cases and deaths”; Various sources, “Population” [original data].",
      "fullMetadata": "https://api.ourworldindata.org/v1/indicators/954551.metadata.json"
    }
  },
  "dateDownloaded": "2026-01-04",
  "activeFilters": {}
}